iteration,duration,loss,accuracy,game,winner
1,,0.7597976976391356,0.38722420676612734,,
