iteration,duration,loss,accuracy,start,game,winner
1,0.541,1.04210517648073,0.3823652160716318,[0, 0],03322445522227700221133551144223311662288330066555566111188444411553344004466771122087733882888178807772375060,2
