iteration,loss,accuracy
1,0.9942409875576658,0.053647987251963423
2,1.2265330041150468,0.08356413855901658
3,1.0989001146374402,0.07047463671889821
4,1.0986102216305984,0.07201123041317298
5,0.9903780958495322,0.3823652160716318
6,1.1858603475332086,0.12514701976704481
